{
    "rmse": 0.6040981347731689,
    "mae": 0.6365326899150126,
    "r2": 0.023433174400535273
}